{"cameraMode":{"drawMode":0,"name":"Shaded","section":"Shading Mode"},"sceneLighting":true,"audioPlay":false,"sceneViewState":{"m_AlwaysRefresh":false,"showFog":true,"showSkybox":true,"showFlares":true,"showImageEffects":true,"showParticleSystems":true,"showVisualEffectGraphs":true,"m_FxEnabled":true},"in2DMode":false,"pivot":{"x":806.6915893554688,"y":540.3472900390625,"z":-9.288101196289063},"rotation":{"x":-0.028491629287600519,"y":0.03147922083735466,"z":-0.0008975777309387922,"w":-0.9990993142127991},"size":454.3991394042969,"orthographic":true}