{"cameraMode":{"drawMode":0,"name":"Shaded","section":"Shading Mode"},"sceneLighting":true,"audioPlay":false,"sceneViewState":{"m_AlwaysRefresh":false,"showFog":true,"showSkybox":true,"showFlares":true,"showImageEffects":true,"showParticleSystems":true,"showVisualEffectGraphs":true,"m_FxEnabled":true},"in2DMode":false,"pivot":{"x":1143.4482421875,"y":614.7905883789063,"z":2.144622802734375},"rotation":{"x":-0.0045095994137227539,"y":-0.0015028681373223663,"z":0.000006718742497469066,"w":-0.9999895691871643},"size":409.7761535644531,"orthographic":true}