{"cameraMode":{"drawMode":0,"name":"Shaded","section":"Shading Mode"},"sceneLighting":true,"audioPlay":false,"sceneViewState":{"m_AlwaysRefresh":false,"showFog":true,"showSkybox":true,"showFlares":true,"showImageEffects":true,"showParticleSystems":true,"showVisualEffectGraphs":true,"m_FxEnabled":true},"in2DMode":false,"pivot":{"x":1.6096032857894898,"y":-0.37140917778015139,"z":-0.1637864112854004},"rotation":{"x":-0.20240579545497895,"y":-0.04258730635046959,"z":0.008810753934085369,"w":-0.9783359169960022},"size":3.0981106758117677,"orthographic":true}