{"cameraMode":{"drawMode":0,"name":"Shaded","section":"Shading Mode"},"sceneLighting":true,"audioPlay":false,"sceneViewState":{"m_AlwaysRefresh":false,"showFog":true,"showSkybox":true,"showFlares":true,"showImageEffects":true,"showParticleSystems":true,"showVisualEffectGraphs":true,"m_FxEnabled":true},"in2DMode":false,"pivot":{"x":1.2467423677444459,"y":-2.453096628189087,"z":-1.070551872253418},"rotation":{"x":-0.20240579545497895,"y":-0.04258730635046959,"z":0.008810753934085369,"w":-0.9783359169960022},"size":5.180004119873047,"orthographic":true}