{"cameraMode":{"drawMode":0,"name":"Shaded","section":"Shading Mode"},"sceneLighting":false,"audioPlay":false,"sceneViewState":{"m_AlwaysRefresh":false,"showFog":true,"showSkybox":false,"showFlares":true,"showImageEffects":true,"showParticleSystems":true,"showVisualEffectGraphs":true,"m_FxEnabled":true},"in2DMode":false,"pivot":{"x":760.6740112304688,"y":486.0062561035156,"z":-5.025491714477539},"rotation":{"x":-0.0045095994137227539,"y":-0.0015028681373223663,"z":0.000006718742497469066,"w":-0.9999895691871643},"size":392.9140930175781,"orthographic":true}